[
	{
		"pid" : 3044,
		"date_submitted" : "2012-07-14 06:21:46",
		"plant_name" : "Cuatro Comunidades",
		"code" : "moro",
		"flow_rate" : 67.00,
		"coagulant" : null,
		"raw_turb" : 31.90,
		"settled_turb" : 0.00,
		"filtered_turb" : null,
		"cl_dose" : null,
		"operator_number" : "+50499594624"
	},
	{
		"pid" : 3045,
		"date_submitted" : "2012-08-16 17:03:38",
		"plant_name" : "Cuatro Comunidades",
		"code" : "moro",
		"flow_rate" : 400.00,
		"coagulant" : null,
		"raw_turb" : 20.46,
		"settled_turb" : 3.25,
		"filtered_turb" : null,
		"cl_dose" : null,
		"operator_number" : "+50499594624"
	},
	{
		"pid" : 3046,
		"date_submitted" : "2012-07-30 16:25:03",
		"plant_name" : "Támara",
		"code" : "moro",
		"flow_rate" : 180.00,
		"coagulant" : 9.69,
		"raw_turb" : 9.20,
		"settled_turb" : 0.94,
		"filtered_turb" : 0.05,
		"cl_dose" : null,
		"operator_number" : "+50499404449"
	},
	{
		"pid" : 3047,
		"date_submitted" : "2012-07-31 16:12:50",
		"plant_name" : "Cuatro Comunidades",
		"code" : "moro",
		"flow_rate" : 67.00,
		"coagulant" : null,
		"raw_turb" : 7.30,
		"settled_turb" : 0.00,
		"filtered_turb" : null,
		"cl_dose" : null,
		"operator_number" : "+50499594624"
	},
	{
		"pid" : 3048,
		"date_submitted" : "2012-08-01 16:53:18",
		"plant_name" : "Cuatro Comunidades",
		"code" : "moro",
		"flow_rate" : 67.00,
		"coagulant" : null,
		"raw_turb" : 7.26,
		"settled_turb" : 0.00,
		"filtered_turb" : null,
		"cl_dose" : null,
		"operator_number" : "+50499594624"
	},
	{
		"pid" : 3049,
		"date_submitted" : "2012-08-07 07:51:39",
		"plant_name" : "Cuatro Comunidades",
		"code" : "moro",
		"flow_rate" : 67.00,
		"coagulant" : null,
		"raw_turb" : 10.05,
		"settled_turb" : 0.04,
		"filtered_turb" : null,
		"cl_dose" : null,
		"operator_number" : "+50499594624"
	},
	{
		"pid" : 3050,
		"date_submitted" : "2012-08-16 08:32:36",
		"plant_name" : "Cuatro Comunidades",
		"code" : "moro",
		"flow_rate" : 67.00,
		"coagulant" : null,
		"raw_turb" : 50,
		"settled_turb" : 0.95,
		"filtered_turb" : null,
		"cl_dose" : null,
		"operator_number" : "+50499594624"
	},
	{
		"pid" : 3051,
		"date_submitted" : "2012-08-16 08:32:36",
		"plant_name" : "Cuatro Comunidades",
		"code" : "moro",
		"flow_rate" : 67.00,
		"coagulant" : null,
		"raw_turb" : 30,
		"settled_turb" : 0.95,
		"filtered_turb" : null,
		"cl_dose" : null,
		"operator_number" : "+50499594624"
	},
	{
		"pid" : 3052,
		"date_submitted" : "2012-11-19 18:17:33",
		"plant_name" : "Támara",
		"code" : "moro",
		"flow_rate" : 180.00,
		"coagulant" : 9.69,
		"raw_turb" : 9.02,
		"settled_turb" : 1.10,
		"filtered_turb" : 0.13,
		"cl_dose" : null,
		"operator_number" : "+50499404449"
	},
	{
		"pid" : 3053,
		"date_submitted" : "2012-11-28 14:05:42",
		"plant_name" : "Marcala 1",
		"code" : "moro",
		"flow_rate" : 1998.00,
		"coagulant" : null,
		"raw_turb" : 8.29,
		"settled_turb" : 0.29,
		"filtered_turb" : null,
		"cl_dose" : null,
		"operator_number" : "+50498167433"
	}
]