[
	{
		"code" : "ccom",
		"plant_name" : "Cuatro Comunidades"
	},
	{
		"code" : "tam",
		"plant_name" : "Támara"
	},
	{
		"code" : "mar1",
		"plant_name" : "Marcala 1"
	},
	{
		"code" : "mar2",
		"plant_name" : "Marcala 2"
	},
	{
		"code" : "ati",
		"plant_name" : "Atima"
	},
	{
		"code" : "aga",
		"plant_name" : "Agalteca"
	},
	{
		"code" : "ala",
		"plant_name" : "Alauca"
	},
	{
		"code" : "doto",
		"plant_name" : "Jesus de Otoro"
	},
	{
		"code" : "val",
		"plant_name" : "Valle Bonito"
	},
	{
		"code" : "p3",
		"plant_name" : "National Mall"
	},
	{
		"code" : "smat",
		"plant_name" : "San Matias"
	},
	{
		"code" : "moro",
		"plant_name" : "Moroceli"
	},
	{
		"code" : "snic",
		"plant_name" : "San Nicolas"
	}
]
